google.com,English/Swedish,Info,1,,,,,,,,,,,,,,,,,,,,,,,,,,,,,
youtube.com,English,Video,2,,,,,,,,,,,,,,,,,,,,,,,,,,,,,
tmall.com,Chinese,Commerce,3,,,Cannot translate login page,,,,,,,,,,,,,,,,,,,,,,,,,,
baidu.com,Chinese,Info,5,,"qq.com, weibo.com",,,,,,,,,,snsapi_login,,,,,,,,,,,,,,,,,
qq.com,Chinese,Social,4,,,,,,,,,,,,,,,,,,,,,,,,,,,,,
sohu.com,Chinese,Social,6,,"qq.com, weibo.com",,,,,,,,,,snsapi_login,,,,,,,,,,,,,,,,,
facebook.com,English,Social,7,,,,,,,,,,,,,,,,,,,,,,,,,,,,,
360.cn,Chinese,Tech,9,,"qq.com, weibo.com",,,,,,,,,,snsapi_login,,,,,,,,,,,,,,,,,
taobao.com,Chinese,Commerce,8,facebook.com,,,,,"public_profile, email",,,,,,,,,,,,,,,,,,,,,,,
jd.com,Chinese,Commerce,12,,qq.com,,,,,,,,,,,,,,,,,,,,,,,,,,,
amazon.com,English,Commerce,10,,,,,,,,,,,,,,,,,,,,,,,,,,,,,
yahoo.com,English/Swedish,Social,11,google.com,,,,"openid, email, profile ",,,,,,,,,,,,,,,,,,,,,,,,
wikipedia.org,English,Info,14,,,,,,,,,,,,,,,,,,,,,,,,,,,,,
weibo.com,Chinese,Social,15,,,,,,,,,,,,,,,,,,,,,,,,,,,,,
sina.com.cn,Chinese,Social,16,,qq.com,,,,,,,,,,"get_info,get_user_info",,,,,,,,,,,,,,,,,
xinhuanet.com,Chinese,News,18,,,,,,,,,,,,,,,,,,,,,,,,,,,,,
netflix.com,English,Video,22,facebook.com,,,,,,,,,,,,,,,,,,,,,,,,,,,,
reddit.com,English,Social,19,"google.com, apple.com",,,email,"email, profile, openid",,,,,,,,,,,,,,,,,,,,,,,,
live.com,English,Social,17,,github.com,,,,,,read:user++user:email,,,,,,,,,,,,,,,,,,,,,
alipay.com,Chinese,e-Wallet,26,,,,,,,,,,,,,,,,,,,,,,,,,,,,,
instagram.com,English,Social,25,facebook.com,,,,,email,,,,,,,,,,,,,,,,,,,,,,,
panda.tv,Chinese,?,23,,,Site down,,,,,,,,,,,,,,,,,,,,,,,,,,
zhanqi.tv,Chinese,Video,24,,"qq.com, weibo.com, baidu.com",,,,,,,,,,get_user_info,,,,,,,,,,,,,,,,,
csdn.net,Chinese,Tech,30,,"qq.com, weibo.com, baidu.com, github.com, linkedin.com, maimai.cn",,,,,,,r_liteprofile,,,,,,,,,,,,,,,,,,,,
vk.com,English,Social,32,facebook.com,,,,,"email, user_birthday",,,,,,,,,,,,,,,,,,,,,,,
zoom.us,English,Social/Tech,13,"google.com, facebook.com",,,,"profile, email","email, public_profile",,,,,,,,,,,,,,,,,,,,,,,
microsoft.com,English,Tech,20,,github.com,,,,,,read:user++user:email,,,,,,,,,,,,,,,,,,,,,
okezone.com,Indonesian,News,33,"facebook.com, google.com",,Twitter IDP button available but not working,,"email, profile",email,,,,,,,,,,,,,,,,,,,,,,,
bing.com,English,Info,35,,github.com,,,,,,read:user++user:email,,,,,,,,,,,,,,,,,,,,,
twitch.tv,English,Video,39,facebook.com,,,,,"email, user_friends",,,,,,,,,,,,,,,,,,,,,,,
yahoo.co.jp,Japanese,Social,34,,,,,,,,,,,,,,,,,,,,,,,,,,,,,
myshopify.com,English,Commerce/Tech,27,,,,,,,,,,,,,,,,,,,,,,,,,,,,,
ebay.com,English,Commerce,40,"facebook.com, google.com, apple.com",,,name+email,"openid, email, profile",email,,,,,,,,,,,,,,,,,,,,,,,
bongacams.com,,,38,,,,,,,,,,,,,,,,,,,,,,,,,,,,,
office.com,English,Tech,21,,github.com,,,,,,read:user++user:email,,,,,,,,,,,,,,,,,,,,,
stackoverflow.com,English,Tech,37,"facebook.com, google.com",github.com,,,"profile, email",email,,user:email,,,,,,,,,,,,,,,,,,,,,
google.com.hk,English/Swedish/Chinese,Info,28,,,Instagram IDP button available but not working,,,,,,,,,,,,,,,,,,,,,,,,,,
aliexpress.com,English,Commerce,42,"facebook.com, google.com, twitter.com, apple.com","vk.com, ok.ru",,"email, name","openid, email, profile","email,user_birthday,user_hometown,user_location,user_gender","read, email",,,"friends,photos,status",VALUABLE_ACCESS;PHOTO_CONTENT;GET_EMAIL,,,,,,,,,,,,,,,,,,
huanqiu.com,Chinese,News,45,,"qq.com, weibo.com",,,,,,,,,,get_user_info,email,,,,,,,,,,,,,,,,
adobe.com,Swedish/English,Tech,41,"google.com, facebook.com, apple.com",,,email+name,"email, profile","email,public_profile",,,,,,,,,,,,,,,,,,,,,,,
tianya.cn,Chinese,Social,49,,,,,,,,,,,,,,,,,,,,,,,,,,,,,
naver.com,Korean,Social,36,facebook.com,line.me,,,,"email,public_profile,user_friends,user_photos,user_posts",,,,,,,,profile+friends+message.write+timeline.post+phone+email+openid,,,,,,,,,,,,,,,
microsoftonline.com,,,29,,,Cant reach site,,,,,,,,,,,,,,,,,,,,,,,,,,
amazon.in,English,Commerce,46,,,,,,,,,,,,,,,,,,,,,,,,,,,,,
twitter.com,English ,Social,43,,,,,,,,,,,,,,,,,,,,,,,,,,,,,
haosou.com,Chinese,Info,79,,"qq.com, weibo.com",,,,,,,,,,,,,,,,,,,,,,,,,,,
yy.com,Chinese,Video,47,,"qq.com, weibo.com",,,,,,,,,,,,,,,,,,,,,,,,,,,
aparat.com,Persian,Video,55,google.com,,,,https://www.googleapis.com/auth/userinfo.email,,,,,,,,,,,,,,,,,,,,,,,,
amazon.co.jp,English/Japanese,Commerce,48,,,,,,,,,,,,,,,,,,,,,,,,,,,,,
chaturbate.com,,,57,,,,,,,,,,,,,,,,,,,,,,,,,,,,,
yandex.ru,Russian,Info,51,"facebook.com, google.com, twitter.com","vk.com, ok.com, mail.ru",,,https://www.googleapis.com/auth/userinfo.profile https://www.googleapis.com/auth/userinfo.email,"user_gender,user_link,user_birthday,email",read,,,"email,offline",VALUABLE_ACCESS,,,,,,,,,,,,,,,,,,
ok.ru,Russian,Social,70,"facebook.com, google.com, apple.com","vk.com, mail.ru",,name email,email profile,"public_profile,email",,,,,,,,,,,,,,,,,,,,,,,
17ok.com,Chinese,News,53,,,,,,,,,,,,,,,,,,,,,,,,,,,,,
wordpress.com,English,Tech,61,"google.com, apple.com",,,name email,email profile openid https://www.googleapis.com/auth/userinfo.profile,,,,,,,,,,,,,,,,,,,,,,,,
so.com,Chinese,Info,82,,"qq.com, weibo.com",,,,,,,,,,,,,,,,,,,,,,,,,,,
whatsapp.com,English,Social,68,,,,,,,,,,,,,,,,,,,,,,,,,,,,,
mail.ru,Russian ,Social,54,,vk.com,,,,,,,,,,,,,,,,,,,,,,,,,,,
linkedin.com,English,Social,50,,,,,,,,,,,,,,,,,,,,,,,,,,,,,
1688.com,Chinese,Commerce,60,,,,,,,,,,,,,,,,,,,,,,,,,,,,,
google.co.in,Swedish/English,Info,59,,,,,,,,,,,,,,,,,,,,,,,,,,,,,
imdb.com,English,Info,89,"facebook.com, google.com, apple.com",amazon.com,,name+email,"email, profile","email,user_gender,user_birthday",,,,,,,,,,,,,,,,,,,,,,,
tribunnews.com,Indonesian,News,62,"google.com, facebook.com",myvalue.id,,,"email, profile, openid","email, public_profile",,,,,,,,,,,,,,,,,,,,,,,
google.com.br,Swedish/English/Portuguese,Info,63,,,,,,,,,,,,,,,,,,,,,,,,,,,,,
medium.com,English,News,58,"google.com, facebook.com, apple.com, twitter.com",,,"name, email","email, openid, profile","public_profile, email","read-write, email",,,,,,,,,,,,,,,,,,,,,,
gome.com.cn,Chinese,Commerce,80,,"qq.com, weibo.com",,,,,,,,,,,,,,,,,,,,,,,,,,,
msn.com,English/Swedish,Social,64,,,,,,,,read:user++user:email,,,,,,,,,,,,,,,,,,,,,
hao123.com,Chinese,News/Social,103,,"qq.com, weibo.com",,,,,,,,,,"get_user_info,add_share,get_other_info,get_fanslist,get_idollist,add_idol,get_simple_userinfo",,,,,,,,,,,,,,,,,
etsy.com,English,Commerce,67,"google.com, facebook.com, apple.com",,,"name, email","openid, profile, email","public_profile, email",,,,,,,,,,,,,,,,,,,,,,,
cnzz.com,Chinese,Tech,176,,,Cannot translate login page,,,,,,,,,,,,,,,,,,,,,,,,,,
pornhub.com,,,93,,,,,,,,,,,,,,,,,,,,,,,,,,,,,
fandom.com,English,News/Social,88,"facebook.com, google.com",twitch.tv,,,"email, profile, openid",email,,,,,,,,,,,user:read:email,,,,,,,,,,,,
rakuten.co.jp,Japanese,Commerce,77,,,,,,,,,,,,,,,,,,,,,,,,,,,,,
xvideos.com,,,169,,,,,,,,,,,,,,,,,,,,,,,,,,,,,
instructure.com,English,Commerce/Teaching,78,"facebook.com, google.com, twitter.com","github.com, linkedin.com, microsoft.com",,,"openid, email, profile",email,read-write-direct message,user:email,r_liteprofile+r_emailaddress,,,,,,,,,openid+profile+email,,,,,,,,,,,
tradingview.com,English,Financial,66,"google.com, facebook.com, twitter.com, apple.com","linkedin.com, yahoo.com",,email+name,"openid, email, profile",email,"read-write, email",,r_emailaddress+r_liteprofile,,,,,,,,,,openid openid2 email profile,,,,,,,,,,
dropbox.com,English,File sharing,52,"google.com, apple.com",,,"name, email",email profile https://www.googleapis.com/auth/contacts.readonly,,,,,,,,,,,,,,,,,,,,,,,,
google.de,Swedish/English/German,Info,81,,,,,,,,,,,,,,,,,,,,,,,,,,,,,
cnblogs.com,Chinese,Info,133,,,,,,,,,,,,,,,,,,,,,,,,,,,,,
indeed.com,English/Swedish,Job search,65,"google.com, facebook.com, apple.com",,,"name, email","email, profile, openid",email,,,,,,,,,,,,,,,,,,,,,,,
canva.com,English,Commerce/Tech,75,"google.com, facebook.com, apple.com",,,"name, email",https://www.googleapis.com/auth/userinfo.profile https://www.googleapis.com/auth/userinfo.email,"public_profile, email",,,,,,,,,,,,,,,,,,,,,,,
udemy.com,English,Commerce/Tech,96,"google.com, facebook.com, apple.com",,,"name, email","profile, email","email, public_profile",,,,,,,,,,,,,,,,,,,,,,,
google.co.jp,English/Swedish/Japanese,Info,76,,,,,,,,,,,,,,,,,,,,,,,,,,,,,
roblox.com,English,Game,109,facebook.com,,,,,user_friends,,,,,,,,,,,,,,,,,,,,,,,
chase.com,English,Financial,69,,,,,,,,,,,,,,,,,,,,,,,,,,,,,
tiktok.com,English,Social/Video,92,"facebook.com, google.com, apple.com, twitter.com",,Instagram IDP button but cannot access page,"name, email","openid, profile",public_profile,read-write,,,,,,,,,,,,,,,,,,,,,,
imgur.com,English,Social/File sharing,94,"facebook.com, google.com, apple.com, twitter.com",,Yahoo IDP button but cannot access page,"name, email",email,email,read-write,,,,,,,,,,,,,,,,,,,,,,
163.com,,,114,,,Cannot access page,,,,,,,,,,,,,,,,,,,,,,,,,,
spotify.com,English,Music,86,"facebook.com, google.com, apple.com",,,"name, email","profile, openid, email",,,,,,,,,,,,,,,,,,,,,,,,
babytree.com,Chinese,Social,84,,"qq.com, weibo.com, alipay.com",,,,,,,,,,"get_user_info,add_share",email,,,,,,,,,,,,,,,,
6.cn,Chinese,Video,107,,"qq.com, weibo.com.",,,,,,,,,,"get_user_info,add_t,add_pic_t",,,,,,,,,,,,,,,,,
walmart.com,English,Commerce,97,,,,,,,,,,,,,,,,,,,,,,,,,,,,,
primevideo.com,English,Video,182,,,,,,,,,,,,,,,,,,,,,,,,,,,,,
force.com,English,Tech,139,,,,,,,,,,,,,,,,,,,,,,,,,,,,,
apple.com,English,Commerce,44,,,,,,,,,,,,,,,,,,,,,,,,,,,,,
amazonaws.com,English,Tech,71,,,,,,,,,,,,,,,,,,,,,,,,,,,,,
zillow.com,English,Real estate/Commerce,100,"apple.com, google.com, facebook.com",,,"name, email","email, profile, openid",email,,,,,,,,,,,,,,,,,,,,,,,
google.es,English/Swedish/Spanish,Info,125,,,,,,,,,,,,,,,,,,,,,,,,,,,,,
paypal.com,English,Finance/Tech,104,,,,,,,,,,,,,,,,,,,,,,,,,,,,,
flipkart.com,English,Travel/Info,95,,,,,,,,,,,,,,,,,,,,,,,,,,,,,
amazon.de,German,Commerce,140,,,,,,,,,,,,,,,,,,,,,,,,,,,,,
amazon.co.uk,English,Commerce,101,,,,,,,,,,,,,,,,,,,,,,,,,,,,,
xhamster.com,,,117,,,,,,,,,,,,,,,,,,,,,,,,,,,,,
bbc.com,English,News,108,,,,,,,,,,,,,,,,,,,,,,,,,,,,,
pixnet.net,Chinese,Social,123,facebook.com,,,,,"email, public_profile",,,,,,,,,,,,,,,,,,,,,,,
trello.com,English,File sharing,292,"apple.com, google.com",microsoft.com,,"name, email","openid, email, profile",,,,,,,,,,,,,"openid, profile, email",,,,,,,,,,,
nytimes.com,English,News,105,"apple.com, google.com, facebook.com",,,"name, email","profile, email","public_profile, email",,,,,,,,,,,,,,,,,,,,,,,
telegram.org,English,Social,111,,,,,,,,,,,,,,,,,,,,,,,,,,,,,
kompas.com,Indonesian,News,74,"google.com, facebook.com",myvalue.id,,,"email, profile, openid","email, public_profile",,,,,,,,,,,,,,,,,,,,,,,
kumparan.com,Indonesian/English,News,265,"google.com, facebook.com",,,,email profile openid https://www.googleapis.com/auth/userinfo.email https://www.googleapis.com/auth/userinfo.profile https://www.googleapis.com/auth/plus.login https://www.googleapis.com/auth/plus.me,"email, public_profile",,,,,,,,,,,,,,,,,,,,,,,
google.ru,English/Swedish/Russian,Info,116,,,,,,,,,,,,,,,,,,,,,,,,,,,,,
espn.com,English,News,99,,,,,,,,,,,,,,,,,,,,,,,,,,,,,
zhihu.com,Chinese,Info,137,,"qq.com, weibo.com",,,,,,,,,,"get_user_info,get_info,add_t,add_pic_t,get_other_info,get_fanslist,get_idollist,add_idol,add_share",email,,,,,,,,,,,,,,,,
github.com,English,File sharing,31,,,,,,,,,,,,,,,,,,,,,,,,,,,,,
intuit.com,English,Finance/Tech,87,google.com,,,,"openid, email, profile",,,,,,,,,,,,,,,,,,,,,,,,
savefrom.net,English,Video,91,,,,,,,,,,,,,,,,,,,,,,,,,,,,,
salesforce.com,English/Swedish ,Business/Tech,124,,,,,,,,,,,,,,,,,,,,,,,,,,,,,
stackexchange.com,English,Info,119,"google.com, facebook.com",,,,"profile, email",email,,,,,,,,,,,,,,,,,,,,,,,
digikala.com,Persian,Commerce,141,,,,,,,,,,,,,,,,,,,,,,,,,,,,,
booking.com,English,Travel/Info,127,"apple.com, google.com, facebook.com",,,name+email,"email, profile",email,,,,,,,,,,,,,,,,,,,,,,,
soundcloud.com,English,Music,156,"apple.com, google.com, facebook.com",,,"name, email",https://www.googleapis.com/auth/userinfo.email https://www.googleapis.com/auth/userinfo.profile,"email, user_birthday",,,,,,,,,,,,,,,,,,,,,,,
google.com.sg,English/Swedish,Info,142,,,,,,,,,,,,,,,,,,,,,,,,,,,,,
detik.com,Indonesian,News,113,"apple.com, google.com, facebook.com",,,name+email,https://www.googleapis.com/auth/userinfo.email https://www.googleapis.com/auth/userinfo.profile,"user_about_me,user_birthday,user_education_history,user_hometown,user_location,user_relationships,user_website,email,publish_actions,user_posts",,,,,,,,,,,,,,,,,,,,,,,
livejasmin.com,,,106,,,,,,,,,,,,,,,,,,,,,,,,,,,,,
rednet.cn,Chinese,News,147,,,,,,,,,,,,,,,,,,,,,,,,,,,,,
disneyplus.com,English,Video,208,,,,,,,,,,,,,,,,,,,,,,,,,,,,,
tumblr.com,English,Social,122,,,,,,,,,,,,,,,,,,,,,,,,,,,,,
thestartmagazine.com,English,News,112,,,,,,,,,,,,,,,,,,,,,,,,,,,,,
nih.gov,English,Government,131,,,,,,,,,,,,,,,,,,,,,,,,,,,,,
cnn.com,English,News,90,,,,,,,,,,,,,,,,,,,,,,,,,,,,,
google.it,English/Swedish/Italian,Info,129,,,,,,,,,,,,,,,,,,,,,,,,,,,,,
jiameng.com,,,184,,,Cannot access page,,,,,,,,,,,,,,,,,,,,,,,,,,
daum.net,Korean,Social,115,,,,,,,,,,,,,,,,,,,,,,,,,,,,,
ettoday.net,Chinese,English,128,,,,,,,,,,,,,,,,,,,,,,,,,,,,,
tudou.com,Chinese,Video,425,,"taobao.com, alipay.com, qq.com, weibo.com",,,,,,,,,,"get_user_info,list_album,upload_pic,add_album,add_one_blog,add_topic,add_share,check_page_fans,add_t,del_t,add_pic_t,get_repost_list,get_info,get_other_info,get_fanslist,get_idollist,add_idol,del_idol",,,,,,,,,auth_user,,,,,,,,
aliyun.com,English,Tech,83,,,,,,,,,,,,,,,,,,,,,,,,,,,,,
bilibili.com,Chinese,Video,120,,"qq.com, weibo.com",,,,,,,,,,"do_like,get_user_info,get_simple_userinfo,get_vip_info,get_vip_rich_info,add_one_blog,list_album,upload_pic,add_album,list_photo,get_info,add_t,del_t,add_pic_t,get_repost_list,get_other_info,get_fanslist,get_idollist,add_idol,del_idol,get_tenpay_addr",email,,,,,,,,,,,,,,,,
google.fr,Eniglish/Swedish/French,Info,118,,,,,,,,,,,,,,,,,,,,,,,,,,,,,
grammarly.com,English,Tech,98,"apple.com, google.com, facebook.com",,,"email, name","email, profile, openid",email,,,,,,,,,,,,,,,,,,,,,,,
chess.com,English,Game,185,"apple.com, google.com, facebook.com",,,"name, email",https://www.googleapis.com/auth/userinfo.email https://www.googleapis.com/auth/userinfo.profile,email,,,,,,,,,,,,,,,,,,,,,,,
51sole.com,Chinese,Commerce,224,,qq.com,,,,,,,,,,,,,,,,,,,,,,,,,,,
onlinesbi.com,English,Finance,150,,,,,,,,,,,,,,,,,,,,,,,,,,,,,
avito.ru,Russian,Commerce,215,"apple.com, facebook.com, google.com","vk.com, ok.ru",,name+email,"openid, email, profile","email, public_profile",,,,email+offline,GET_EMAIL,,,,,,,,,,,,,,,,,,
craigslist.org,English/Swedish,Commerce,152,,,,,,,,,,,,,,,,,,,,,,,,,,,,,
zol.com.cn,Chinese,News,285,,"qq.com, weibo.com",,,,,,,,,,"get_user_info,add_share,list_album,add_album,upload_pic,add_topic,add_one_blog,add_weibo,check_page_fans,get_info,add_pic_t,get_repost_list,get_other_info,get_fanslist,get_idollist,add_idol,del_idol",,,,,,,,,,,,,,,,,
varzesh3.com,Persian,News,206,,,,,,,,,,,,,,,,,,,,,,,,,,,,,
bet9ja.com,English,Betting,189,,,,,,,,,,,,,,,,,,,,,,,,,,,,,
pinterest.com,English,Social,153,"google.com, facebook.com",,,,,"public_profile,email,user_likes,user_birthday,user_friends",,,,,,,,,,,,,,,,,,,,,,,
google.co.uk,English ,Info,195,,,,,,,,,,,,,,,,,,,,,,,,,,,,,
healthline.com,English,News/Info,145,,,,,,,,,,,,,,,,,,,,,,,,,,,,,
videocampaign.co,,,254,,,Cannot access site,,,,,,,,,,,,,,,,,,,,,,,,,,
sogou.com,Chinese,Info,177,,qq.com,,,,,,,,,,"get_user_info,get_app_friends",,,,,,,,,,,,,,,,,
godaddy.com,English,Commerce,148,"google.com, facebook.com",,,,"openid, email, profile",email,,,,,,,,,,,,,,,,,,,,,,,
hulu.com,English,Video,211,,,,,,,,,,,,,,,,,,,,,,,,,,,,,
soso.com,Chinese,Info,289,,,,,,,,,,,,,,,,,,,,,,,,,,,,,
bbc.co.uk,English,News,143,,,,,,,,,,,,,,,,,,,,,,,,,,,,,
ikea.com,English,Commerce,236,,,,,,,,,,,,,,,,,,,,,,,,,,,,,
bestbuy.com,English,Commerce,212,"apple.com, google.com",,,,"email, profile, openid",,,,,,,,,,,,,,,,,,,,,,,,
archive.org,English,Info,165,google.com,,,,"email, profile, openid",,,,,,,,,,,,,,,,,,,,,,,,
shutterstock.com,English,Images/Music,121,,,,,,,,,,,,,,,,,,,,,,,,,,,,,
pexels.com,English,Images/Videos,805,"apple.com, facebook.com",,,email+name,,email,,,,,,,,,,,,,,,,,,,,,,,
mediafire.com,English,File sharing/Storage,183,"facebook.com, twitter.com",,,,,email,read-write,,,,,,,,,,,,,,,,,,,,,,
speedtest.net,English,Tech,151,,,,,,,,,,,,,,,,,,,,,,,,,,,,,
google.com.tw,English/Swedish/Chinese,Info,161,,,,,,,,,,,,,,,,,,,,,,,,,,,,,
amazon.ca,English,Commerce,174,,,,,,,,,,,,,,,,,,,,,,,,,,,,,
tistory.com,Korean,Social,157,,,,,,,,,,,,,,,,,,,,,,,,,,,,,
washingtonpost.com,English,News,230,"apple.com, google.com, facebook.com",amazon.com,,"name, email",email,email,,,,,,,,,,,,,,,,,,,,,,,
w3schools.com,English,Info/Tech,187,,,,,,,,,,,,,,,,,,,,,,,,,,,,,
momoshop.com.tw,Chinese,Commerce,218,"facebook.com, google.com",line.me,,,https://www.googleapis.com/auth/userinfo.email + https://www.googleapis.com/auth/userinfo.profile,,,,,,,,,,,,,,,,,,,,,,,,
liputan6.com,Indonesian,News,191,"google.com, facebook.com",,,,"openid, profile, email","email, public_profile",,,,,,,,,,,,,,,,,,,,,,,
ilovepdf.com,English,Tech,132,"google.com, facebook.com",,,,https://www.googleapis.com/auth/userinfo.profile https://www.googleapis.com/auth/userinfo.email,email,,,,,,,,,,,,,,,,,,,,,,,
grid.id,Indonesian,News,170,"google.com, facebook.com",myvalue.com,,,"email, profile, openid","email, public_profile",,,,,,,,,,,,,,,,,,,,,,,
researchgate.net,English,Info,179,"google.com, facebook.com",linkedin.com,,,"profile, email","email, public_profile",,,r_emailaddress+r_liteprofile,,,,,,,,,,,,,,,,,,,,
tokopedia.com,Indonesian,Commerce,138,"google.com, facebook.com",,,,"email, profile, openid","public_profile, email",,,,,,,,,,,,,,,,,,,,,,,
51.la,Chinese,Tech,200,,,,,,,,,,,,,,,,,,,,,,,,,,,,,
wellsfargo.com,English,Finance,144,,,,,,,,,,,,,,,,,,,,,,,,,,,,,
alwafd.news,Arabic,News,4430,,,,,,,,,,,,,,,,,,,,,,,,,,,,,
lazada.sg,English,Commerce,201,"google.com, facebook.com",,,,"profile, email, openid",email,,,,,,,,,,,,,,,,,,,,,,,
homedepot.com,English,Commerce,188,,,,,,,,,,,,,,,,,,,,,,,,,,,,,
cnet.com,English,Info/News,199,facebook.com,,,,,email,,,,,,,,,,,,,,,,,,,,,,,
padlet.com,English,Commerce/Tech,130,"apple.com, google.com",microsoft.com,,"email, name","email, profile",,,,,,,,,,,,,openid+email+profile+https://graph.microsoft.com/User.Read&state=eyJhbGciOiJIUzI1NiJ9.eyJ0ZW5hbnRfaWQiOiIxIiwib3JpZ2luIjoibG9naW4iLCJpc3MiOiJodHRwczovL3BhZGxldC5jb20ifQ.-rMW1TNgsUha5ETjjrYEO5y2MJbvxfbB58DsM_vybj8,,,,,,,,,,,
theguardian.com,English,News,172,"apple.com, google.com, facebook.com",,,"email, name","email,profile, openid",email,,,,,,,,,,,,,,,,,,,,,,,
aliexpress.ru,Russian,Commerce,246,"apple.com, facebook.com, google.com, twitter.com","vk.com, ok.ru",Instagram IDP button but cannot access page,"email, name","email, profile, openid","email,user_birthday,user_hometown,user_location,user_gender","read, email",,,"friends, photos, status",VALUABLE_ACCESS;PHOTO_CONTENT;GET_EMAIL,,,,,,,,,,,,,,,,,,
bet365.com,English/Swedish,Betting,322,,,,,,,,,,,,,,,,,,,,,,,,,,,,,
iqiyi.com,Chinese,Video,392,,"weibo.com, qq.com, baidu.com, alipay.com",,,,,,,,,,"get_idollist,get_fanslist,get_user_info,add_topic,add_t,get_info,add_share",all,,,,,,,,,https://openapi.baidu.com/oauth/2.0/authorize?confirm_login=1,1 1000,,,,,,
ca.gov,English,Government,186,,,,,,,,,,,,,,,,,,,,,,,,,,,,,
pikiran-rakyat.com,Indonesian,News,392243,,,,,,,,,,,,,,,,,,,,,,,,,,,,,
iqbroker.com,English/Swedish,Finance,234,"google.com, facebook.com",,,,"profile, openid, email","public_profile, email",,,,,,,,,,,,,,,,,,,,,,,
hdfcbank.com,English,Finance,160,,,,,,,,,,,,,,,,,,,,,,,,,,,,,
quizlet.com,English,Learning tool,168,"apple.com, facebook.com, google.com",,,"name, email","profile, email","email, public_profile, user_birthday",,,,,,,,,,,,,,,,,,,,,,,
hotstar.com,,,334,,,Cannot access page,,,,,,,,,,,,,,,,,,,,,,,,,,
setn.com,Chinese,News,345,,,,,,,,,,,,,,,,,,,,,,,,,,,,,
google.com.tr,Swedish/English/Turkish,Info,204,,,,,,,,,,,,,,,,,,,,,,,,,,,,,
alibaba.com,English,Commerce,216,"google.com, facebook.com, twitter.com",linkedin.com,,,"profile, email, openid","email, public_profile, user_work_history",read-write,,r_liteprofile+r_emailaddress,,,,,,,,,,,,,,,,,,,,
wetransfer.com,English,File sharing,102,"apple.com, google.com",slack.com,,"name, email","email, profile",,,,,,,,,,,,,,,,,,,identity.avatar+identity.basic+identity.email+identity.team,,,,,
google.com.mx,Swedish/English/Spanish,Info,173,,,,,,,,,,,,,,,,,,,,,,,,,,,,,
duckduckgo.com,English,Info,134,,,,,,,,,,,,,,,,,,,,,,,,,,,,,
investopedia.com,English,News,227,,,,,,,,,,,,,,,,,,,,,,,,,,,,,
xnxx.com,,,228,,,,,,,,,,,,,,,,,,,,,,,,,,,,,
youm7.com,Arabic,News,197,,,,,,,,,,,,,,,,,,,,,,,,,,,,,
mercari.com,English,Commerce,233,facebook.com,,,,,"public_profile, email, user_friends",,,,,,,,,,,,,,,,,,,,,,,
login.tmall.com,Chinese,Commerce,0,,,,,,,,,,,,,,,,,,,,,,,,,,,,,
pages.tmall.com,Chinese,Commerce,0,,,,,,,,,,,,,,,,,,,,,,,,,,,,,
blogspot.com,English,Social,0,,,,,,,,,,,,,,,,,,,,,,,,,,,,,
mama.cn,Chinese,Info,0,,"qq.com, weibo.com",,,,,,,,,,"get_user_info,add_topic,add_one_blog,add_album,upload_pic,list_album,add_share,check_page_fans,add_t,add_pic_t,del_t,get_repost_list,get_info,get_other_info,get_fanslist,get_idollist,add_idol,del_idol,get_tenpay_addr",https://api.weibo.com/oauth2/authorize?client_id=648004702,,,,,,,,,,,,,,,,
china.com.cn,Chinese,Government,8475,,,,,,,,,,,,,,,,,,,,,,,,,,,,,
worldometers.info,English,Info,338,,,,,,,,,,,,,,,,,,,,,,,,,,,,,
indiatimes.com,English,News,307,"google.com, facebook.com",,,,email https://www.googleapis.com/auth/plus.login,email,,,,,,,,,,,,,,,,,,,,,,,
detail.tmall.com,Chinese,Commerce,0,,,page not found,,,,,,,,,,,,,,,,,,,,,,,,,,
globo.com,Portugese,News,167,"google.com, facebook.com",,,,"openid, profile, email","email, user_friends",,,,,,,,,,,,,,,,,,,,,,,
arcgis.com,English,Tech/Data sharing,928,"apple.com, google.com, facebook.com",github.com,,"name, email","email, profile",email,,read:user,,,,,,,,,,,,,,,,,,,,,
office365.com,English,Tech,558,,,,,,,,,,,,,,,,,,,,,,,,,,,,,
jrj.com.cn,Chinese,News,374344,,"qq.com, weibo.com",,,,,,,,,,,,,,,,,,,,,,,,,,,
google.cn,Chinese,Info,85,,,,,,,,,,,,,,,,,,,,,,,,,,,,,
who.int,English,Info/Government,1028,,,,,,,,,,,,,,,,,,,,,,,,,,,,,
discordapp.com,English,Social,534,,,,,,,,,,,,,,,,,,,,,,,,,,,,,
sindonews.com,Indonesian ,News,193,,,,,,,,,,,,,,,,,,,,,,,,,,,,,
yao.tmall.com,Chinese,Commerce,0,,,,,,,,,,,,,,,,,,,,,,,,,,,,,
uol.com.br,Portugese,News,180,,,,,,,,,,,,,,,,,,,,,,,,,,,,,
skype.com,English,Social,203,,,,,,,,,,,,,,,,,,,,,,,,,,,,,
cdc.gov,English,Info/Government,394,,,,,,,,,,,,,,,,,,,,,,,,,,,,,
investing.com,English,News,163,"google.com, facebook.com",,,,"email, profile, openid",email,,,,,,,,,,,,,,,,,,,,,,,
zendesk.com,English,Tech,110,,,,,,,,,,,,,,,,,,,,,,,,,,,,,
cnbc.com,English,News,205,,,,,,,,,,,,,,,,,,,,,,,,,,,,,
nicovideo.jp,Japanese,Video,320,"apple.com, google.com, facebook.com, twitter.com","line.me, yahoo.co.jp, nintende.com",,openid,https://www.googleapis.com/auth/userinfo.profile https://www.googleapis.com/auth/userinfo.email openid,"email, public_profile",read,,,,,,,profile,,,,,,,,,,,,,,,
ltn.com.tw,Chinese,News,202,,,,,,,,,,,,,,,,,,,,,,,,,,,,,
iqoption.com,English/Swedish,Finance,11803,"google.com, facebook.com",,,,"profile, email, openid","public_profile, email",,,,,,,,,,,,,,,,,,,,,,,
okta.com,English,Tech,72,,,,,,,,,,,,,,,,,,,,,,,,,,,,,
mercadolivre.com.br,Portugese,Commerce,453,,,,,,,,,,,,,,,,,,,,,,,,,,,,,
slideshare.net,English,Tech,213,"facebook.com, ",linkedin.com,,,,"email, user_friends",,,r_basicprofile+r_emailaddress+r_fullprofile,,,,,,,,,,,,,,,,,,,,
businessinsider.com,English,News,245,"google.com, facebook.com",linkedin.com,,,"email, profile","email, public_profile",,,r_emailaddress+r_liteprofile,,,,,,,,,,,,,,,,,,,,
wikihow.com,English,Info,255,"facebook.com, google.com",,,,"email, profile, openid","public_profile, email",,,,,,,,,,,,,,,,,,,,,,,
namnak.com,Persian,News,271,,,,,,,,,,,,,,,,,,,,,,,,,,,,,
cnnindonesia.com,Indonesian ,News,354,"apple.com, google.com, facebook.com",,,name+email,https://www.googleapis.com/auth/userinfo.email https://www.googleapis.com/auth/userinfo.profile,"user_about_me,user_birthday,user_education_history,user_hometown,user_location,user_relationships,user_website,email,publish_actions,user_posts",,,,,,,,,,,,,,,,,,,,,,,
3c.tmall.com,Chinese,Commerce,0,,,,,,,,,,,,,,,,,,,,,,,,,,,,,
t.co,,,253,,,Not accessable,,,,,,,,,,,,,,,,,,,,,,,,,,
vimeo.com,English,Video/File sharing,146,"apple.com, google.com, facebook.com",,,"email, name",https://www.googleapis.com/auth/userinfo.profile https://www.googleapis.com/auth/userinfo.email,public_profile,,,,,,,,,,,,,,,,,,,,,,,
bukalapak.com,Indonesian,Commerce,266,"google.com, facebook.com",,,,"email, profile","email,+publish_actions,+user_photos,+manage_pages",,,,,,,,,,,,,,,,,,,,,,,
gmw.cn,Chinese,News,229,,,,,,,,,,,,,,,,,,,,,,,,,,,,,
forbes.com,English,News,607,"google.com, facebook.com",linkedin.com,,,"profile, email",email,,,r_liteprofile+r_emailaddress,,,,,,,,,,,,,,,,,,,,
patch.com,English,News/Info,382,"apple.com, google.com, facebook.com",,,"email, name","email, profile, openid","public_profile, email",,,,,,,,,,,,,,,,,,,,,,,
elbalad.news,Arbabic,News,863,,,,,,,,,,,,,,,,,,,,,,,,,,,,,
foxnews.com,English,News,264,,,,,,,,,,,,,,,,,,,,,,,,,,,,,
messenger.com,English,Social,598,,,,,,,,,,,,,,,,,,,,,,,,,,,,,
wix.com,English,Tech,135,"google.com, facebook.com",,,,"email, profile, openid",email,,,,,,,,,,,,,,,,,,,,,,,
scol.com.cn,Chinese,News,24585,,,,,,,,,,,,,,,,,,,,,,,,,,,,,
steamcommunity.com,English,Games/Commerce,831,,,,,,,,,,,,,,,,,,,,,,,,,,,,,
google.com.eg,English/Swedish/Arabic,Info,315,,,,,,,,,,,,,,,,,,,,,,,,,,,,,
unsplash.com,English,Photos/Commerce,158,facebook.com,,,,,email,,,,,,,,,,,,,,,,,,,,,,,
manoramaonline.com,Malayalam,News,273,"google.com, facebook.com",,,,openid https://www.googleapis.com/auth/userinfo.email https://www.googleapis.com/auth/userinfo.profile,email,,,,,,,,,,,,,,,,,,,,,,,
youth.cn,Chinese,Government,872,,,,,,,,,,,,,,,,,,,,,,,,,,,,,
quora.com,English,Info/Social,407,"google.com, facebook.com",,,,"email, profile, openid",email,,,,,,,,,,,,,,,,,,,,,,,
blogger.com,English,Social,286,,,,,,,,,,,,,,,,,,,,,,,,,,,,,
dailymotion.com,English,News,303,"google.com, facebook.com",,,,"email, profile, openid","public_profile,email,user_birthday,user_gender",,,,,,,,,,,,,,,,,,,,,,,
google.com.sa,English/Swedish/Arabic,Info,308,,,,,,,,,,,,,,,,,,,,,,,,,,,,,
y2mate.com,English,Download VIdeo/Music,298,,,,,,,,,,,,,,,,,,,,,,,,,,,,,
merdeka.com,Indonesian,News,181,,,,,,,,,,,,,,,,,,,,,,,,,,,,,
ask.com,English,Info,385,,,,,,,,,,,,,,,,,,,,,,,,,,,,,
google.ca,English/Swedish ,Info,244,,,,,,,,,,,,,,,,,,,,,,,,,,,,,
google.co.id,English/Swedish/Indonesian,News,378,,,,,,,,,,,,,,,,,,,,,,,,,,,,,
subject.tmall.com,,,0,,,Cannot access page,,,,,,,,,,,,,,,,,,,,,,,,,,
abs-cbn.com,English,News,304,,,,,,,,,,,,,,,,,,,,,,,,,,,,,
softonic.com,English ,Tech,416,,,,,,,,,,,,,,,,,,,,,,,,,,,,,
mozilla.org,English,Tech/Commerce,209,,,,,,,,,,,,,,,,,,,,,,,,,,,,,
eastday.com,Chinese,News,20694,,,,,,,,,,,,,,,,,,,,,,,,,,,,,
nianhuo.tmall.com,Chinese,Commerce,0,,,,,,,,,,,,,,,,,,,,,,,,,,,,,
dailymail.co.uk,English,News,321,"apple.com, google.com, facebook.com, twitter.com",,,email,email https://www.googleapis.com/auth/plus.login,email,read,,,,,,,,,,,,,,,,,,,,,,
amazon.fr,French,Commerce,301,,,,,,,,,,,,,,,,,,,,,,,,,,,,,
ebay.de,German,Commerce,220,"apple.com, google.com, facebook.com",,,name+email,"openid, email, profile",email,,,,,,,,,,,,,,,,,,,,,,,
suara.com,Indonesian,News,164,"google.com, facebook.com",,,,https://www.googleapis.com/auth/userinfo.profile https://www.googleapis.com/auth/userinfo.email,,,,,,,,,,,,,,,,,,,,,,,,
ameblo.jp,Japanese,Social,276,,,,,,,,,,,,,,,,,,,,,,,,,,,,,
google.com.ar,English/Swedish/Spanish,Info,259,,,,,,,,,,,,,,,,,,,,,,,,,,,,,
freepik.com,English,Commerce,73,"google.com, facebook.com",,,,"email, profile, openid","public_profile, email",,,,,,,,,,,,,,,,,,,,,,,
albawabhnews.com,Arabic,News,698,,,,,,,,,,,,,,,,,,,,,,,,,,,,,
gamepedia.com,English,Games/News,16756,"google.com, facebook.com",twitch.tv,,,"email, profile, openid",email,,,,,,,,,,,user:read:email,,,,,,,,,,,,
scribd.com,English,Entertainment,375,"google.com, facebook.com",,,,"email, profile, openid","email, public_profile",,,,,,,,,,,,,,,,,,,,,,,
google.co.th,English/swedish/Thai,Info,287,,,,,,,,,,,,,,,,,,,,,,,,,,,,,
rt.com,English,News,325,,,,,,,,,,,,,,,,,,,,,,,,,,,,,
amazon.it,Italian ,Commerce,326,,,,,,,,,,,,,,,,,,,,,,,,,,,,,
otvfoco.com.br,Portugese,News,239742,,,,,,,,,,,,,,,,,,,,,,,,,,,,,
outbrain.com,English,Tech/Info,400,,,,,,,,,,,,,,,,,,,,,,,,,,,,,
gosuslugi.ru,Russian,Government,190,,,,,,,,,,,,,,,,,,,,,,,,,,,,,
douban.com,Chinese,Social,665,,weibo.com,,,,,,,,,,,,,,,,,,,,,,,,,,,
hootsuite.com,English,Social,258,,,,,,,,,,,,,,,,,,,,,,,,,,,,,
google.pl,English/Swedish/Polish,Info,295,,,,,,,,,,,,,,,,,,,,,,,,,,,,,
rambler.ru,Russian,News,442,"apple.com, google.com, facebook.com, twitter.com","sberbank.ru, vk.com, livejournal.com, ok.ru, mail.ru, mos,ru",,"name, email","profile, email",email,read,,,"friends, email, online",GET_EMAIL,,,,,,,,,,,,,,openid+name+email+mobile+address_of_actual_residence+address_reg+birthdate+gender,"profile_ro, friends_ro",,,
allegro.pl,Polish,Commerce,388,,,,,,,,,,,,,,,,,,,,,,,,,,,,,
ups.com,English,Shipping/Commerce,149,"apple.com, google.com, facebook.com, twitter.com",amazon.com,,"name, email",email https://www.googleapis.com/auth/plus.login,email,"read, email",,,,,,,,,,,,,,,,,,,,,,
amazon.cn,Chinese,Commerce,1989,,,,,,,,,,,,,,,,,,,,,,,,,,,,,
wikimedia.org,English,Info,311,,,,,,,,,,,,,,,,,,,,,,,,,,,,,
nbcnews.com,English,News,613,,,,,,,,,,,,,,,,,,,,,,,,,,,,,
usps.com,English,Shipping/Commerce,159,,,,,,,,,,,,,,,,,,,,,,,,,,,,,
weather.com,English,Info,293,,,,,,,,,,,,,,,,,,,,,,,,,,,,,
coursera.org,English,Education/Commerce,235,"apple.com, google.com, facebook.com",,,"name, email",https://www.googleapis.com/auth/userinfo.email https://www.googleapis.com/auth/userinfo.profile,"public_profile,email,user_friends,user_birthday",,,,,,,,,,,,,,,,,,,,,,,
fc2.com,English,Social,370,,,,,,,,,,,,,,,,,,,,,,,,,,,,,
chinadaily.com.cn,English,News,1005,,,,,,,,,,,,,,,,,,,,,,,,,,,,,
line.me,English,Social/News/Entertainment/Tech,454,,,,,,,,,,,,,,,,,,,,,,,,,,,,,
dmm.co.jp,Japanese,PORN,907,,,,,,,,,,,,,,,,,,,,,,,,,,,,,
target.com,English,Commerce,260,,,,,,,,,,,,,,,,,,,,,,,,,,,,,
onet.pl,Polish,News,769,,,,,,,,,,,,,,,,,,,,,,,,,,,,,
9gag.com,English,Social,436,"google.com, facebook.com",,,,"openid, profile, email",email,,,,,,,,,,,,,,,,,,,,,,,
sourceforge.net,English ,Tech,532,,,,,,,,,,,,,,,,,,,,,,,,,,,,,
google.co.kr,English/Swedish/Korean,Info,450,,,,,,,,,,,,,,,,,,,,,,,,,,,,,
google.gr,English/Swedish/Greek,Info,455,,,,,,,,,,,,,,,,,,,,,,,,,,,,,
google.com.au,English/Swedish,Info,409,,,,,,,,,,,,,,,,,,,,,,,,,,,,,
google.com.vn,English/Swedish/Vietnamese,Info,518,,,,,,,,,,,,,,,,,,,,,,,,,,,,,
kinopoisk.ru,Russian,Video,18599,"google.com, facebook.com, twitter.com","vk.com, ok.ru, mail.ru",,,https://www.googleapis.com/auth/userinfo.profile https://www.googleapis.com/auth/userinfo.email,"user_gender, user_link, user_birthday, email",read,,,"email, offline",VALUABLE_ACCESS,,,,,,,,,,,,,,,,,,
bp.blogspot.com,,,502,,,Cannot access site,,,,,,,,,,,,,,,,,,,,,,,,,,
aol.com,English,News/Info,348,google.com,yahoo.com,,,"openid, email, profile",,,,,,,,,,,,,,openid sdpp-r openid2,,,,,,,,,,
deviantart.com,English,Photos,430,,,,,,,,,,,,,,,,,,,,,,,,,,,,,
popads.net,English,Tech,954,,,,,,,,,,,,,,,,,,,,,,,,,,,,,
chinaz.com,Chinese,News,1511,,,,,,,,,,,,,,,,,,,,,,,,,,,,,
google.co.ve,English/Swedish/Spanish,Info,627,,,,,,,,,,,,,,,,,,,,,,,,,,,,,
zoho.com,English,Tech,422,"apple.com, google.com, facebook.com, twitter.com","microsoft.com, linkedin.com",,"email, name","email, profile",email,"read, email",,r_liteprofile+r_emailaddress,,,,,,,,,email,,,,,,,,,,,
buzzfeed.com,English,News,552,"apple.com, google.com, facebook.com ",,,"email, name","profile, email, openid","public_profile, email",,,,,,,,,,,,,,,,,,,,,,,
ebay.co.uk,English,Commerce,330,"apple.com, google.com, facebook.com",,,name+email,"openid, email, profile",email,,,,,,,,,,,,,,,,,,,,,,,
taboola.com,English,Tech/?,290,google.com,,,,https://www.googleapis.com/auth/userinfo.email,,,,,,,,,,,,,,,,,,,,,,,,
youporn.com,,,754,,,,,,,,,,,,,,,,,,,,,,,,,,,,,
livejournal.com,English,Social,467,"google.com, facebook.com, twitter.com","rambler.ru, vk.com, mail.ru",,,https://www.googleapis.com/auth/userinfo.email https://www.googleapis.com/auth/userinfo.profile,"email,user_birthday,user_hometown,publish_pages,manage_pages,user_posts,user_photos,user_videos",read-write,,,"wall, offline",,,,,stream,,,,,,,,,,,,,,
go.com,English,Commerce,683,,,,,,,,,,,,,,,,,,,,,,,,,,,,,
epicgames.com,English,Games,585,"google.com, facebook.com, apple.com","microsoft.com, sony.com, nintendo.com, steam.com",,"name, email","openid, email, profile","email, public_profile, user_friends",,,,,,,,,,,,xboxlive.signin,,,,,,,,,psn:s2s,openid+user.screenName,
rediff.com,English,News,562,,,,,,,,,,,,,,,,,,,,,,,,,,,,,
files.wordpress.com,English,Tech,551,"google.com, apple.com",,,name email,email profile openid https://www.googleapis.com/auth/userinfo.profile,,,,,,,,,,,,,,,,,,,,,,,,
fiverr.com,English,Commerce/Service,56,"apple.com, google.com, facebook.com",,,"name, email","email, profile, openid","email, user_birthday, user_likes",,,,,,,,,,,,,,,,,,,,,,,
google.com.ua,English/Swedish/Ukranian,Info,473,,,,,,,,,,,,,,,,,,,,,,,,,,,,,
brilio.net,Indonesian/English,News,638,"google.com, facebook.com",,,,https://www.googleapis.com/auth/plus.login https://www.googleapis.com/auth/plus.me https://www.googleapis.com/auth/userinfo.email https://www.googleapis.com/auth/userinfo.profile,"email, public_profile, user_friends",,,,,,,,,,,,,,,,,,,,,,,
bankofamerica.com,English,Finance,327,,,,,,,,,,,,,,,,,,,,,,,,,,,,,
youku.com,Chinese,Video,617,,"taobao.com, alipay.com, qq.com, weibo.com",,,,,,,,,,"get_user_info,list_album,upload_pic,add_album,add_one_blog,add_topic,add_share,check_page_fans,add_t,del_t,add_pic_t,get_repost_list,get_info,get_other_info,get_fanslist,get_idollist,add_idol,del_idol",,,,,,,,,auth_user,,,,,,,,
spiegel.de,German,News,1247,,,,,,,,,,,,,,,,,,,,,,,,,,,,,
google.com.pk,English/Swedish,Info,915,,,,,,,,,,,,,,,,,,,,,,,,,,,,,
web.de,German,News,299,,,,,,,,,,,,,,,,,,,,,,,,,,,,,
bild.de,German,News,1522,facebook.com,verimi.de,,,,"email, public_profile",,,,,,,,,,,,,,,,,,,,,,,
addthis.com,English,Tech,611,,,,,,,,,,,,,,,,,,,,,,,,,,,,,
google.nl,English/Swedish/Dutch,Info,1164,,,,,,,,,,,,,,,,,,,,,,,,,,,,,
livedoor.com,Japanese,News,852,,,,,,,,,,,,,,,,,,,,,,,,,,,,,
themeforest.net,English,Tech,537,,,,,,,,,,,,,,,,,,,,,,,,,,,,,
feedly.com,English,Tech,996,"google.com, facebook.com, twitter.com, apple.com","microsoft.com, evernote.com, ",,"name, email",https://www.googleapis.com/auth/userinfo.profile https://www.googleapis.com/auth/userinfo.email,"public_profile, email","read, email",,,,,,,,,,,wl.emails wl.offline_access wl.signin office.onenote_create,,,,,,,,,,,
wordpress.org,English,Tech,457,,,,,,,,,,,,,,,,,,,,,,,,,,,,,
ifeng.com,Chinese,News,1216,,"qq.com, weibo.com",,,,,,,,,,get_user_info,,,,,,,,,,,,,,,,,
livedoor.jp,Japanese,News,661,,,,,,,,,,,,,,,,,,,,,,,,,,,,,
4shared.com,English,File sharing,6596,"google.com, facebook.com, twitter.com",,,,"profile, email","email, public_profile",read-write,,,,,,,,,,,,,,,,,,,,,,
google.co.za,English/Swedish,Info,733,,,,,,,,,,,,,,,,,,,,,,,,,,,,,
google.com.co,English/Swedish/Spanish,Info,1000,,,,,,,,,,,,,,,,,,,,,,,,,,,,,
flickr.com,English,Social,654,,,,,,,,,,,,,,,,,,,,,,,,,,,,,
neobux.com,English/Swedish,Tech,938,,,,,,,,,,,,,,,,,,,,,,,,,,,,,
redtube.com,,,1172,,,,,,,,,,,,,,,,,,,,,,,,,,,,,
secureserver.net,English,Tech,795,,,,,,,,,,,,,,,,,,,,,,,,,,,,,
tripadvisor.com,English,Info,587,"google.com, facebook.com",,,,"email, profile, openid","email,user_hometown,user_friends,user_likes,user_location,user_status,user_photos",,,,,,,,,,,,,,,,,,,,,,,
58.com,Chinese,Commerce,429,,"qq.com, weibo.com",,,,,,,,,,"get_user_info,get_qq_level,get_info,list_album,get_fanslist",all,,,,,,,,,,,,,,,,
free.fr,French,Tech,1317,,,,,,,,,,,,,,,,,,,,,,,,,,,,,
mailchimp.com,English,Commerce/Business,360,,,,,,,,,,,,,,,,,,,,,,,,,,,,,
slickdeals.net,English,Commerce,547,,,,,,,,,,,,,,,,,,,,,,,,,,,,,
google.be,English/Swedish/Dutch,Info,751,,,,,,,,,,,,,,,,,,,,,,,,,,,,,
newegg.com,English,Commerce,521,,,,,,,,,,,,,,,,,,,,,,,,,,,,,
it168.com,Chinese,News/Info,497,,,,,,,,,,,,,,,,,,,,,,,,,,,,,
java.com,English,Tech,1937,,,,,,,,,,,,,,,,,,,,,,,,,,,,,
avg.com,English,Tech,1298,google.com,,,,"email, profile, openid",,,,,,,,,,,,,,,,,,,,,,,,
douyu.com,Chinese,Video,1153,,,,,,,,,,,,,,,,,,,,,,,,,,,,,
kakaku.com,Japanese,Commerce,462,"google.com, facebook.com",line.me,,,"openid, profile, email",email,,,,,,,,"openid, profile, email",,,,,,,,,,,,,,,
popcash.net,English,Tech/Business,3943,,,,,,,,,,,,,,,,,,,,,,,,,,,,,
blogfa.com,Persian,Social,1764,,,,,,,,,,,,,,,,,,,,,,,,,,,,,
goo.ne.jp,Japanese,Info/News,576,"apple.com, google.com, facebook.com, twitter.com","yahoo.com, ocn.ne.jp, docomo.ne.jp",,openid,openid profile email https://www.googleapis.com/auth/user.birthday.read,email,read-write,,,,,,,,,,,,,,,,,,,,,,
google.com.my,English/Swedish ,Info,853,,,,,,,,,,,,,,,,,,,,,,,,,,,,,
vice.com,English,News,1212,"google.com, facebook.com",,,,"profile, email","email, user_location, user_age_range",,,,,,,,,,,,,,,,,,,,,,,
yelp.com,English,Info,214,google.com,,Facebook and apple IDP button does not work,,email profile openid https://www.googleapis.com/auth/userinfo.email https://www.googleapis.com/auth/userinfo.profile&openid.realm,,,,,,,,,,,,,,,,,,,,,,,,
youjizz.com,,,1832,,,,,,,,,,,,,,,,,,,,,,,,,,,,,
leboncoin.fr,French,Info,413,,,,,,,,,,,,,,,,,,,,,,,,,,,,,
adf.ly,English,Tech,2654,google.com,,,,"email, profile, openid",,,,,,,,,,,,,,,,,,,,,,,,
uploaded.net,English,File sharing,1843,,,,,,,,,,,,,,,,,,,,,,,,,,,,,
myspace.com,English,Social,1701,,,Facebook and twitter IDP button does not work,,,,,,,,,,,,,,,,,,,,,,,,,,
tube8.com,,,3186,,,,,,,,,,,,,,,,,,,,,,,,,,,,,
hostgator.com,English,Tech,1029,"google.com, facebook.com",,,,"openid, profile, email, https://www.googleapis.com/auth/profile.language.read",email,,,,,,,,,,,,,,,,,,,,,,,
people.com.cn,Chinese,Government/News,527,,,,,,,,,,,,,,,,,,,,,,,,,,,,,
akamaihd.net,English,Tech,6468,,,,,,,,,,,,,,,,,,,,,,,,,,,,,
liveinternet.ru,Russian,Social,1742,,,,,,,,,,,,,,,,,,,,,,,,,,,,,
renren.com,Chinese,Social,1126,,"qq.com, weibo.com",,,,,,,,,,,,,,,,,,,,,,,,,,,
espncricinfo.com,English,Info/News,628,,,,,,,,,,,,,,,,,,,,,,,,,,,,,
mashable.com,English,News/Tech/Social,1733,,,,,,,,,,,,,,,,,,,,,,,,,,,,,
ucoz.ru,Russian,Tech,2039,"google.com, facebook.com","ok.ru, vk.com, yandex.ru",,,https://www.googleapis.com/auth/userinfo.email https://www.googleapis.com/auth/userinfo.profile,"email, user_birthday",,,,4194304,"GET_EMAIL, VALUABLE_ACCESS",,,,,,,,,,,,,,,,,,
gameforge.com,English,Games,6372,"google.com, facebook.com",,,,https://www.googleapis.com/auth/userinfo.email https://www.googleapis.com/auth/userinfo.profile,email ,,,,,,,,,,,,,,,,,,,,,,,
answers.com,English,Info/Social,3163,"apple.com, google.com, facebook.com",,,"name, email","openid, profile, email",email,,,,,,,,,,,,,,,,,,,,,,,
aweber.com,English,Business,1016,,,,,,,,,,,,,,,,,,,,,,,,,,,,,
china.com,Chinese,News/Info,0,,"qq.com, weibo.com",,,,,,,,,,,,,,,,,,,,,,,,,,,
rockstargames.com,English,Games,4799,"google.com, facebook.com, twitter.com","sony.com, microsoft.com",,,profile,"email, user_birthday, user_friends",read-write,,,,,,,,,,,Xboxlive.signin+Xboxlive.offline_access,,,,,,,,,psn:s2s,,
media.tumblr.com,English,Social,3925,,,,,,,,,,,,,,,,,,,,,,,,,,,,,
ask.fm,English,Social,5714,"facebook.com, twitter.com",vk.com,,,,,read-write,,,,,,,,,,,,,,,,,,,,,,
statcounter.com,English,Tech,1070,,,,,,,,,,,,,,,,,,,,,,,,,,,,,
reimageplus.com,English,Tech/Commerce,16938,,,,,,,,,,,,,,,,,,,,,,,,,,,,,
gmail.com,English,Social,3488,,,,,,,,,,,,,,,,,,,,,,,,,,,,,
stumbleupon.com,English,Social/Photos,4718,"google.com, facebook.com, twitter.com",,moved to mix.com,,email https://www.googleapis.com/auth/plus.login,"email, user_friends","read, email",,,,,,,,,,,,,,,,,,,,,,
badoo.com,English,Social,11165,"google.com, facebook.com ","microsoft.com, vk.com, ok.ru, mail.ru, yandex.ru",,,https://www.googleapis.com/auth/userinfo.profile https://www.googleapis.com/auth/userinfo.email&access_type=offline,"email,user_birthday,user_location,user_photos,user_gender,user_friends,user_likes",,,,"email, photos","VALUABLE_ACCESS, GET_EMAIL",,,,,,,"wl.basic,wl.birthday,wl.emails",,,,,,,,,,,
warriorforum.com,English,Social/Info,3772,"google.com, facebook.com",,,,https://www.googleapis.com/auth/plus.login https://www.googleapis.com/auth/plus.me https://www.googleapis.com/auth/userinfo.email https://www.googleapis.com/auth/userinfo.profile,"public_profile, email",,,,,,,,,,,,,,,,,,,,,,,
snapdeal.com,English,Commerce,2289,"google.com, facebook.com",,,,"email, profile","user_birthday,user_hometown,email,user_location,user_likes",,,,,,,,,,,,,,,,,,,,,,,
coccoc.com,Vietnamese,Tech,31529,,,,,,,,,,,,,,,,,,,,,,,,,,,,,
doublepimp.com,English,Tech/Business,8460,,,moved to twinred,,,,,,,,,,,,,,,,,,,,,,,,,,
photobucket.com,English,FIle storage/sharing,3710,,,,,,,,,,,,,,,,,,,,,,,,,,,,,
adcash.com,English,Tech,3907,,,,,,,,,,,,,,,,,,,,,,,,,,,,,
39.net,Chinese,News/Info,1453,,weibo.com,,,,,,,,,,,,,,,,,,,,,,,,,,,
reference.com,English,News/Info,9964,,,,,,,,,,,,,,,,,,,,,,,,,,,,,
pconline.com.cn,English,News/Info,9745,,"qq.com, weibo.com, taobao.com",,,,,,,,,,"get_user_info,get_simple_userinfo,add_topic,upload_pic,add_share",,,,,,,,,,,,,,,,,item
adultfriendfinder.com,English,Social,2868,,,,,,,,,,,,,,,,,,,,,,,,,,,,,
digg.com,English,News,2079,"google.com, facebook.com, twitter.com",,,,"profile, email, openid",email,"read, email",,,,,,,,,,,,,,,,,,,,,,
moz.com,English,Tech,2552,,,,,,,,,,,,,,,,,,,,,,,,,,,,,
xcar.com.cn,,,8560,,,Cannot reach site,,,,,,,,,,,,,,,,,,,,,,,,,,
searchnu.com,English,Info,8956,,,,,,,,,,,,,,,,,,,,,,,,,,,,,
conduit.com,,,5548,,,Cannot reach site,,,,,,,,,,,,,,,,,,,,,,,,,,
about.com,English,Info,14000,,,,,,,,,,,,,,,,,,,,,,,,,,,,,
naver.jp,,,71977,,,Not in service anymore,,,,,,,,,,,,,,,,,,,,,,,,,,
cntv.cn,Chinese,Government,653863,,"qq.com, weibo.com, alipay.com",,,,,,,,,,get_user_info,get_user_info,,,,,,,,,,,,,,,,
ehow.com,English,Info,3873,,,,,,,,,,,,,,,,,,,,,,,,,,,,,
babylon.com,,,8766,,,Could not load page,,,,,,,,,,,,,,,,,,,,,,,,,,
delta-search.com,English/Swedish,Info,7956,,,,,,,,,,,,,,,,,,,,,,,,,,,,,
m2newmedia.com,English ,?,0,,,,,,,,,,,,,,,,,,,,,,,,,,,,,
yaolan.com,Chinese,Info,162809,,,qq and weibo idp button not working,,,,,,,,,,,,,,,,,,,,,,,,,,
torrentz.eu,,,22878,,,Could not load page,,,,,,,,,,,,,,,,,,,,,,,,,,
comcast.net,English,Video/Entertainment,11790,,,,,,,,,,,,,,,,,,,,,,,,,,,,,
googleadservices.com,,,12539,,,404 error,,,,,,,,,,,,,,,,,,,,,,,,,,
zedo.com,English,Tech,10492,,,,,,,,,,,,,,,,,,,,,,,,,,,,,
huffingtonpost.com,English,News,18673,,yahoo.com,,,,,,,,,,,,,,,,,openid sdpp-r openid2,,,,,,,,,,
squidoo.com,English,Info,25659,facebook.com,,redirected to hubpage.com,,,"public_profile, email",,,,,,,,,,,,,,,,,,,,,,,
incredibar.com,,,8354,,,Could not reach page,,,,,,,,,,,,,,,,,,,,,,,,,,
mywebsearch.com,English,Info,22800,,,,,,,,,,,,,,,,,,,,,,,,,,,,,
wigetmedia.com,English,Tech,34902,,,,,,,,,,,,,,,,,,,,,,,,,,,,,
wikia.com,English,News/Social,14973,"facebook.com, google.com",twitch.tv,,,"email, profile, openid",email,,,,,,,,,,,user:read:email,,,,,,,,,,,,
kat.ph,English,Tech,8555,,,Redirected to multiadblock,,,,,,,,,,,,,,,,,,,,,,,,,,
optmd.com,English,Tech/Ad,14972,,,,,,,,,,,,,,,,,,,,,,,,,,,,,
mystart.com,English,Tech/Virus?,77010,,,,,,,,,,,,,,,,,,,,,,,,,,,,,
yieldmanager.com,,,19594,,,Could not reach page,,,,,,,,,,,,,,,,,,,,,,,,,,
search-results.com,English,Info,12576,,,,,,,,,,,,,,,,,,,,,,,,,,,,,
directrev.com,,,37553,,,Could not reach page,,,,,,,,,,,,,,,,,,,,,,,,,,
doubleclick.com,English,Tech/Marketing,23102,,,,,,,,,,,,,,,,,,,,,,,,,,,,,
caijing.com.cn,Chinese,News/Government?,10466,,,,,,,,,,,,,,,,,,,,,,,,,,,,,
guardian.co.uk,English,News,12413,"apple.com, google.com, facebook.com",,,"email, name","email, profile, openid",email,,,,,,,,,,,,,,,,,,,,,,,
loading-delivery1.com,,,0,,,shady page,,,,,,,,,,,,,,,,,,,,,,,,,,
sharelive.net,,,0,,,shady page,,,,,,,,,,,,,,,,,,,,,,,,,,
diply.com,English,Social/News,2282,,,,,,,,,,,,,,,,,,,,,,,,,,,,,
download.com,English,Tech,17481,,,,,,,,,,,,,,,,,,,,,,,,,,,,,
yesky.com,Chinese,News,0,,,,,,,,,,,,,,,,,,,,,,,,,,,,,
espn.go.com,English,News,0,,,,,,,,,,,,,,,,,,,,,,,,,,,,,
aili.com,Chinese,News/Info,0,,,,,,,,,,,,,,,,,,,,,,,,,,,,,
baomihua.com,Chinese,Video,0,,,,,,,,,,,,,,,,,,,,,,,,,,,,,
canadaalltax.com,,,0,,,Domain expired,,,,,,,,,,,,,,,,,,,,,,,,,,
imageshack.us,English,Photos,0,facebook.com,,,,,email,,,,,,,,,,,,,,,,,,,,,,,
depositfiles.com,English,File sharing,36318,"google.com, facebook.com, twitter.com",vk.com,,,https://www.googleapis.com/auth/userinfo.email https://www.googleapis.com/auth/userinfo.profile,email,read,,,email,,,,,,,,,,,,,,,,,,,
letv.com,Chinese,Video/Tech,0,,,,,,,,,,,,,,,,,,,,,,,,,,,,,
gohoi.com,,,0,,,Shady page,,,,,,,,,,,,,,,,,,,,,,,,,,
56.com,Chinese,Video,0,,"qq.com, weibo.com",,,,,,,,,,"get_user_info,add_share",,,,,,,,,,,,,,,,,
gigacircle.com,English,Tech,0,,,,,,,,,,,,,,,,,,,,,,,,,,,,,
ku6.com,,,0,,,503 service unavailable,,,,,,,,,,,,,,,,,,,,,,,,,,
youradexchange.com,,,0,,,403 forbidden,,,,,,,,,,,,,,,,,,,,,,,,,,
techofires.com,,,0,,,Site cannot be reached,,,,,,,,,,,,,,,,,,,,,,,,,,
jabong.com,English,Commerce,0,,,,,,,,,,,,,,,,,,,,,,,,,,,,,
sweetim.com,,,376502,,,Site cannot be reached,,,,,,,,,,,,,,,,,,,,,,,,,,
kickass.to,,PORN,251600,,,,,,,,,,,,,,,,,,,,,,,,,,,,,
odnoklassniki.ru,,,359314,,,See ok.ru,,,,,,,,,,,,,,,,,,,,,,,,,,
clicksor.com,Chinese,Tech/Marketing,111074,,,,,,,,,,,,,,,,,,,,,,,,,,,,,
life.com.tw,Chinese,News,159494,"google.com, facebook.com",,,,https://www.googleapis.com/auth/userinfo.profile https://www.googleapis.com/auth/userinfo.email https://www.googleapis.com/auth/plus.login,"email, public_profile",,,,,,,,,,,,,,,,,,,,,,,
filestube.com,,,0,,,shady page,,,,,,,,,,,,,,,,,,,,,,,,,,
ilividnewtab.com,,,0,,,web page for sale,,,,,,,,,,,,,,,,,,,,,,,,,,
onclickads.net,,,0,,,Nothing on page,,,,,,,,,,,,,,,,,,,,,,,,,,
360buy.com,,,205248,,,Site cannot be reached,,,,,,,,,,,,,,,,,,,,,,,,,,
googleusercontent.com,,,0,,,Site cannot be reached,,,,,,,,,,,,,,,,,,,,,,,,,,
thepiratebay.se,,,0,,,Site cannot be reached,,,,,,,,,,,,,,,,,,,,,,,,,,
blogspot.in,,,0,,,redirected to google.com,,,,,,,,,,,,,,,,,,,,,,,,,,
sparkstudios.com,,,0,,,Site cannot be reached,,,,,,,,,,,,,,,,,,,,,,,,,,
fbcdn.net,,,0,,,redirected to facebook.com,,,,,,,,,,,,,,,,,,,,,,,,,,
pengyou.com,Chinese,?,0,,,,,,,,,,,,,,,,,,,,,,,,,,,,,
rapidshare.com,,,0,,,Site cannot be reached,,,,,,,,,,,,,,,,,,,,,,,,,,
blogspot.com.br,,,0,,,404 error,,,,,,,,,,,,,,,,,,,,,,,,,,
mmbang.com,Chinese,Info,0,,qq.com,,,,,,,,,,"get_user_info,get_info",,,,,,,,,,,,,,,,,
bycontext.com,English,Info/Social,0,,,redirected to myfood.ltd,,,,,,,,,,,,,,,,,,,,,,,,,,
warmportrait.com,,,0,,,shady page,,,,,,,,,,,,,,,,,,,,,,,,,,
stamplive.com,,,0,,,shady page,,,,,,,,,,,,,,,,,,,,,,,,,,
tubecup.com,,porn,0,,,,,,,,,,,,,,,,,,,,,,,,,,,,,
pcpop.com,Chinese,Info/Tech,0,,,,,,,,,,,,,,,,,,,,,,,,,,,,,
adrotator.se,,,0,,,shady page,,,,,,,,,,,,,,,,,,,,,,,,,,
qtrax.com,,,0,,,Nothing on page,,,,,,,,,,,,,,,,,,,,,,,,,,
clkmon.com,,,0,,,shady page,,,,,,,,,,,,,,,,,,,,,,,,,,
vube.com,,,0,,,site cannot be reached,,,,,,,,,,,,,,,,,,,,,,,,,,
thepiratebay.sx,,,0,,,page does not load,,,,,,,,,,,,,,,,,,,,,,,,,,
inclk.com,,,0,,,Nothing on page,,,,,,,,,,,,,,,,,,,,,,,,,,
larati.net,,,0,,,redirected to adf.ly,,,,,,,,,,,,,,,,,,,,,,,,,,
yts.lt,,,0,,,not found,,,,,,,,,,,,,,,,,,,,,,,,,,
sharepoint.com,,,0,,,redirected to microsoft,,,,,,,,,,,,,,,,,,,,,,,,,,
discord.com,English,Social,317,,,,,,,,,,,,,,,,,,,,,,,,,,,,,
itnuzleafan.com,,,2661,,,Nothin on page,,,,,,,,,,,,,,,,,,,,,,,,,,
dcard.tw,,,126,,,,,,,,,,,,,,,,,,,,,,,,,,,,,
notion.so,,,136,,,,,,,,,,,,,,,,,,,,,,,,,,,,,
fedex.com,,,154,,,,,,,,,,,,,,,,,,,,,,,,,,,,,
telewebion.com,,,155,,,,,,,,,,,,,,,,,,,,,,,,,,,,,
smallpdf.com,,,162,,,,,,,,,,,,,,,,,,,,,,,,,,,,,
irs.gov,,,166,,,,,,,,,,,,,,,,,,,,,,,,,,,,,
deepl.com,,,171,,,,,,,,,,,,,,,,,,,,,,,,,,,,,
zoominfo.com,,,175,,,,,,,,,,,,,,,,,,,,,,,,,,,,,
docusign.com,,,178,,,,,,,,,,,,,,,,,,,,,,,,,,,,,
icicibank.com,,,192,,,,,,,,,,,,,,,,,,,,,,,,,,,,,
evernote.com,,,194,,,,,,,,,,,,,,,,,,,,,,,,,,,,,
webex.com,,,196,,,,,,,,,,,,,,,,,,,,,,,,,,,,,
trendyol.com,,,198,,,,,,,,,,,,,,,,,,,,,,,,,,,,,